"id","titulo","texto","data","fonte","url"
"1","Documento 1","Santos é um município brasileiro no litoral do estado de São Paulo, Região Sudeste do país. Abriga o maior porto da América Latina, que é o principal responsável pela dinâmica econômica da cidade ao lado do turismo, da pesca e do comércio. Ocupa a 5.ª colocação entre as não capitais mais importantes para a economia brasileira e 10.ª colocada segundo a qualidade de vida. A cidade é sede do poder executivo paulista todo dia 13 de junho (capital simbólica de São Paulo) e não apenas sede de diversas instituições de ensino superior como também da mais antiga entidade geral estudantil do Brasil, o Centro dos Estudantes de Santos.","","Corpus da Disciplina",""
"2","Documento 2","Fundada em 1546 por Brás Cubas, sendo uma das cidades mais antigas das Américas, Santos se tornou um centro do ciclo do café no século XIX. Em 1922, foi inaugurada a Bolsa Oficial do Café, onde eram negociadas riquezas do mercado cafeeiro para o país e que resultou no atual Museu do Café no Centro Histórico, que promove exposições sobre a trajetória do produto pelo Brasil e pela cidade e que é decorado com obras do artista Benedito Calixto. Atualmente, Santos possui uma economia pujante, principalmente por conta de seu complexo portuário. Em 2016, a cidade era a 33ª mais rica do país, com produto interno bruto de 21 954 556,74 de reais.","","Corpus da Disciplina",""
"3","Documento 3","Cidade mais populosa do litoral paulista, a estimativa de população em 2020 era de 433 656 habitantes. A Região Metropolitana da Baixada Santista, com 1,8 milhão de habitantes, é parte — junto com a Grande São Paulo e a Região Metropolitana de Campinas — do Complexo Metropolitano Expandido, uma megalópole que ultrapassa os 30 milhões de habitantes (cerca 75% da população paulista) e que é a primeira aglomeração urbana do tipo no hemisfério sul da Terra.","","Corpus da Disciplina",""
"4","Documento 4","O principal cartão-postal do município são os 7 km de praia. O Guinness World Records situa os jardins da orla de Santos como formadores do maior jardim frontal de praia em extensão do mundo. A preservação e o cuidado com a flora do ambiente praiano santista, permeado de palmeiras e amendoeiras, são resultados de um trabalho em conjunto dos departamentos de meio ambiente da região, muitas vezes ligados a universidades ou a instituições científicas. Em 2010, o Programa das Nações Unidas para o Desenvolvimento das Nações Unidas posicionou a cidade em sexto lugar na lista dos municípios brasileiros por índice de desenvolvimento humano e em terceiro lugar na lista dos municípios de São Paulo por índice de desenvolvimento humano, sendo um dos municípios menos violentos do país. Entretanto, Santos enfrentava (dados de 2011/12) alto custo de vida e constante especulação imobiliária. Além disso, abriga a maior favela de palafitas do país, o Dique da Vila Gilda, onde vivem, em dados de 2012, mais de 10 mil pessoas.","","Corpus da Disciplina",""
"5","Documento 5","Verificam-se relatos a respeito da Ilha de São Vicente apenas dois anos após o descobrimento oficial do Brasil, em 1502, com a expedição de Américo Vespúcio para o reconhecimento da costa brasileira. Ao passar pela ilha dantes conhecida pelos indígenas sob o nome de Goiaó (ou Guaiaó), a expedição decidiu dar-lhe o nome do santo do dia, São Vicente.","","Corpus da Disciplina",""
"6","Documento 6","A coroa portuguesa interessou-se pouco pela região nos trinta anos que se seguiram à expedição. Durante este tempo, vários corsários e piratas acudiam à região em busca do pau-brasil, madeira nobre que era objeto de cobiça na época, largamente explorada pelos portugueses na Mata Atlântica abundante da região.","","Corpus da Disciplina",""
"7","Documento 7","No entanto, em 1531, devido à decadência dos negócios da coroa portuguesa na Índia, o Brasil volta ao centro das atenções. Uma esquadra de demarcação e posse de territórios é enviada pelo monarca D. João III à Ilha de São Vicente. O chefe da esquadra, o navegador Martim Afonso de Sousa, encontra na entrada do atual estuário de Santos (Ponta da Praia) um pequeno povoado e um atracadouro, conhecido como Porto de São Vicente. Um dos degredados trazidos pela expedição de Américo Vespúcio, Cosme Fernandes, fundara aí essa colônia, e prosperava graças ao comércio com os indígenas. A vila de São Vicente também refletia a prosperidade das atividades econômicas de Fernandes.","","Corpus da Disciplina",""
"8","Documento 8","Martim Afonso, no entanto, expulsou Cosme Fernandes das terras e ocupou o porto de São Vicente. Também distribuiu sesmarias na parte norte da ilha, conhecida como Enguaguaçu, onde se encontravam terras adequadas ao plantio. Aí, se estabeleceram colonizadores portugueses, tais como Luís de Góis (e sua esposa Catarina de Andrade), Domingos Pires, Pascoal Fernandes, Francisco Pinto, Rui Pinto e os irmãos José e Francisco Adorno, que construíram um engenho perto do atual Morro de São Bento.","","Corpus da Disciplina",""
"9","Documento 9","A vida do novo povoado, entre 1530 e 1543, passou a girar em torno do engenho e do plantio. Com a invasão e saqueio da vila de São Vicente por Cosme Fernandes, na Guerra de Iguape, que se vingou por haver sido expulso em 1531 por Martim Afonso de Sousa e, com o maremoto posterior que danificou seriamente essa vila, a população do povoado do Enguaguaçu só fez crescer.","","Corpus da Disciplina",""
"10","Documento 10","Em 1543, com o término da construção de uma capela num outeiro em homenagem a Santa Catarina (mártir cristã) por Luís de Góis, Brás Cubas conseguiu a transferência do Porto para o sítio do Enguaguaçu, que era mais seguro e o apoio do povoado era necessário para as embarcações que aportavam e para o fornecimento das mercadorias a exportar. O fidalgo português também levou a cabo a instalação de um hospital, nos moldes da Santa Casa de Lisboa, acelerando o desenvolvimento do local. O hospital foi denominado Santa Casa de Misericórdia de Todos os Santos e foi o segundo hospital do Brasil — sendo o mais antigo do país em funcionamento, uma vez que o Hospital da Santa Casa de Misericórdia de Olinda foi extinto. O novo povoado de Enguaguaçu passou então a ser conhecido como o povoado de Todos os Santos. Uma outra hipótese sobre o nome Santos viria do porto de Santos que havia em Lisboa, semelhante ao local do novo povoado. Daí, então a região próxima ao Outeiro era conhecida como ""Vila do Porto de Santos"", e depois, apenas ""Santos"".","","Corpus da Disciplina",""
"11","Documento 11","Dessa forma, o povoado cresceu em importância: foi elevado à condição de vila por Brás Cubas em 1546 (data controversa, o ano de 1543 também é defendido por certos historiadores), vivendo os seus primeiros anos de ocupação por imigrantes portugueses e espanhóis. A Capela de Santa Catarina se tornou a Igreja Matriz da vila. Ainda hoje, comenta-se o fato de Santos ser uma das poucas cidades que conhecem exatamente o seu local de nascimento: o Outeiro de Santa Catarina, que existe até hoje.","","Corpus da Disciplina",""
"12","Documento 12","A segunda metade do século XVI foi significativa para Santos: criaram-se a Alfândega de Santos em 1550 — o mesmo ano da chegada dos padres jesuítas para a catequização dos índios tupis que ali moravam em núcleo, o arsenal de defesa em 1552, e instalou-se a ordem dos carmelitas em 1589. Mas também foi uma época em que Santos sofreu com a invasão e com os saques dos corsários, por ser um porto relativamente próspero.","","Corpus da Disciplina",""
"13","Documento 13","O saque do pirata Thomas Cavendish, em 1591, deu origem em Santos à lenda do milagre de Nossa Senhora do Monte Serrat, padroeira da cidade. Conta a lenda que a população santista se refugiou num dos morros da cidade, o morro de São Jerônimo, para escapar aos piratas. Neste morro havia uma capela à qual um fidalgo espanhol trouxera uma imagem de Nossa Senhora de Montserrat (daí o nome dado ao morro, Monte Serrat). A população orava na capela de Montserrat quando os piratas começaram a subir para atacá-los e um deslizamento de terra, atribuído à Santa, os fez fugir. Desde então, Nossa Senhora do Monte Serrat é celebrada como padroeira da cidade, e seu dia é comemorado no dia 8 de setembro. Cavendish também destruiu o Outeiro de Santa Catarina e o Engenho dos Erasmos, sendo um dos responsáveis pelo declínio da incipiente economia canavieira da Capitania de São Vicente.","","Corpus da Disciplina",""
"14","Documento 14","Thomas Cavendish permaneceu por dois meses em Santos, saqueando o que podia, chegou a roubar dois sacos de ouro que teriam vindo de uma mina no pico da Jaraguá.   Partiram daí para o Estreito de Magalhães com a finalidade de atacar as colônias espanholas, mas devido ter se demorado muito em Santos, pegaram mau tempo no Estreito de Magalhães onde ficaram presos, muitos de sua tripulação morreram de frio e de fome, tendo retornado a Santos para pedir ajuda na Santa Casa.","","Corpus da Disciplina",""
"15","Documento 15","No século XVII, seguindo uma tendência de toda a Capitania de São Vicente, a vila de Santos entra em um longo e lento processo de estagnação e posterior decadência. Muitos habitantes da vila, na tentativa de buscar uma atividade econômica, se juntavam aos habitantes da vila de São Paulo de Piratininga e partiam nas expedições conhecidas como bandeiras.","","Corpus da Disciplina",""
"16","Documento 16","No fim do século XVIII, a vila retoma o desenvolvimento e sua população começa a crescer. A construção da Calçada do Lorena - estrada de ligação de Santos com São Paulo, o desenvolvimento na infraestrutura (iluminação pública, melhoramentos no porto) e a posterior abertura dos portos brasileiros com a vinda da família real portuguesa reativaram o dinamismo econômico da vila.","","Corpus da Disciplina",""
"17","Documento 17","Cabe destacar que vários episódios relacionados à independência do Brasil ocorreram em Santos, tais como a rebelião militar dos Quartéis de Santos liderada de Chaguinhas contra a tentativa das Cortes Constitucionais de Lisboa de fazer retroceder o Brasil à condição de colônia, e a passagem de D. Pedro I por Santos justo antes do célebre Grito da Independência. Aliás, note-se que o imperador nunca escondeu sua simpatia pela região, chegando a conferir à sua amante o título de Marquesa de Santos.","","Corpus da Disciplina",""
"18","Documento 18","Santos foi elevada à categoria de cidade em 26 de janeiro de 1839 quando a Assembleia Provincial (que hoje equivale a Assembleia Legislativa Estadual) resolveu aprovar uma Lei que elevou a Vila de Santos à condição de Cidade, assinada por Venâncio José Lisboa, presidente da Assembleia. Logo, comemora-se a cada dia 26 de janeiro o aniversário da cidade - não apenas o de sua elevação à categoria de Cidade, mas também o da sua fundação por Brás Cubas. Abaixo segue transcrita a lei de elevação. Era curiosa a metodologia da escrita na forma de fazer e sancionar as leis na época: existia um cabeçalho realmente grande, além do fato de a Lei ser específica (e não como ocorre atualmente, com nuances):","","Corpus da Disciplina",""
"19","Documento 19","A economia do café no Brasil representou um impulso sem precedentes de crescimento para Santos. A inauguração da ferrovia São Paulo Railway ligando Santos às lavouras cafeeiras de Jundiaí em 1867 foi uma fonte de progresso inestimável, principalmente para o porto. A cidade aumentou sua população sobremaneira, ocupando toda a área entre o porto e o Monte Serrat, e as áreas conhecidas como Paquetá e Macuco. A cidade também fervilhava de ideias: foi um dos centros do movimento abolicionista, com a figura de Quintino de Lacerda e seu famoso quilombo no bairro do Jabaquara. O Teatro Guarany, primeiro grande teatro da cidade e palco de manifestações pela abolição, foi inaugurado em 1888.","","Corpus da Disciplina",""
"20","Documento 20","Com a abolição da escravatura e a vinda de mão de obra italiana para substituir o trabalho dos negros, na agricultura, Santos se caracterizou como a porta de entrada do Brasil para os esperançosos imigrantes italianos e japoneses. Muitos acabaram se fixando na própria cidade em vez de seguirem o destino até então traçado para eles. O aumento populacional também acarretou problemas: uma grande epidemia de febre amarela em 1889 dizimou setecentas pessoas. Santos sofria constantemente com as doenças, com os alagamentos. A falta de saneamento básico era um problema, as doenças e os cortiços também. O Porto de Santos era temido, considerado o ""porto da morte"". Para sanar tais problemas, duas obras foram fundamentais: o Porto Organizado, inaugurado em 1892 pelos empresários Cândido Gaffrée e Eduardo Guinle, e o Saneamento de Santos, que é o responsável pelo fim definitivo das doenças e pela salubridade de Santos. A genialidade do projeto do engenheiro Saturnino de Brito teve o triplo mérito de drenar as planícies alagadas com os canais de drenagem - hoje marcos da paisagem urbana santista - de preservar a memória histórica do Centro e de ordenar a ocupação urbana da Ilha de São Vicente com um plano de ruas.","","Corpus da Disciplina",""
"21","Documento 21","Santos se tornou definitivamente uma cidade turística a partir dos anos 1910, com a construção dos hotéis Internacional e Parque Balneário e com a construção dos jardins da orla de Santos a partir de 1935. Até hoje, o turismo em Santos é uma das atividades econômicas principais, ligado principalmente às praias e ao patrimônio histórico. Durante a ditadura militar brasileira, Santos teve a sua autonomia política suspensa: por abrigar o maior porto do Brasil, a cidade foi designada área de segurança nacional pelo governo, perdendo, assim, o direito de eleger prefeito. O prefeito eleito democraticamente Esmeraldo Tarquínio, foi cassado em 1968, o que representou um duro golpe para a cidade.","","Corpus da Disciplina",""
"22","Documento 22","No início dos anos 1980, com o enfraquecimento do regime, pressões políticas pela volta da autonomia cresceram. Finalmente, em 1983, Santos recuperou sua autonomia. A cidade elegeu de maneira democrática o primeiro prefeito em vinte anos, que era ao mesmo tempo um dos principais nomes do movimento pela autonomia: Oswaldo Justo (ligado ao PMDB). Em 1989, a cidade foi palco de um marco na história da luta antimanicomial e da reforma psiquiátrica no Brasil quando no dia 3 de maio a então prefeita Telma de Souza decretou a intervenção da Casa de Saúde Anchieta, manicômio conhecido popularmente como ""Casa dos Horrores"" onde os internos eram submetidos a diversas violações de direitos humanos. Em um ato inédito no país, foram criados cinco Núcleos de Atenção Psicossocial para atender os pacientes egressos do Anchieta, desativado definitivamente em 1996.","","Corpus da Disciplina",""
"23","Documento 23","Durante a década de 1990, como resultado de um processo vindo já da década de 1980, Santos enfrentou uma crise no turismo devido à piora na balneabilidade das suas praias. A cidade passou a recuperar-se a partir do início da década de 1990, em um trabalho de reversão da imagem negativa adquirida ao longo da década de 1970. O comércio cresceu na cidade, e surgiram casas noturnas, agências de recepção turística, hotéis e flats. Em 1991, a Bienal de Artes Plásticas de Santos, interrompida por dezoito anos, voltou a ser realizada, no intuito de recuperar a identidade cultural do município. A partir de 1993, a prefeitura passou a investir no turismo, com revitalizações paisagísticas e construções de ciclovias na cidade. Deste modo, Santos foi considerada a cidade mais visitada por turistas estrangeiros no litoral paulista.","","Corpus da Disciplina",""
"24","Documento 24","A partir do início do século XXI, ocorreram projetos de revitalização da área central da cidade, reconhecida como Centro Histórico. Foram oferecidos incentivos fiscais às empresas em troca de restaurações de prédios depredados, o que melhorou consideravelmente seu aspecto e trouxe empresas para a região. Programações culturais e artísticas atraíram restaurantes e clubes, como a reativação do Teatro Coliseu Santista e a implantação do Bonde Turístico.","","Corpus da Disciplina",""
"25","Documento 25","Nos últimos anos, a cidade contou com grandes empreendimentos principalmente voltados a intervenções logísticas no porto e imobiliárias por prédios voltados à indústria de logística, do petróleo e gás, além de obras para implantação de trecho ferroviário do VLT da Baixada Santista.","","Corpus da Disciplina",""
"26","Documento 26","No dia 13 de agosto de 2014, um avião caiu sobre uma área residencial do bairro do Boqueirão, matando sete pessoas, incluindo Eduardo Campos, então candidato a Presidência do Brasil.","","Corpus da Disciplina",""
"27","Documento 27","Divide-se principalmente em duas áreas geográficas distintas: a área continental e a área insular. As duas áreas diferem tanto em termos demográficos, quanto em termos econômicos e geográficos.","","Corpus da Disciplina",""
"28","Documento 28","A área continental estende-se por 231,6 quilômetros quadrados, representando a maior parte do território do município. Quase 70% dessa área é classificada como Área de Proteção Ambiental por estar situada dentro dos limites do Parque Estadual da Serra do Mar e por abrigar uma grande área de Mata Atlântica nativa sobre as escarpas da Serra do Mar.","","Corpus da Disciplina",""
"29","Documento 29","A área insular estende-se sobre a Ilha de São Vicente, cujo território é dividido com o município vizinho de São Vicente. Com uma área de 39 quilômetros quadrados, densamente urbanizada, abriga quase a totalidade dos habitantes da cidade.","","Corpus da Disciplina",""
"30","Documento 30","A orla santista é composto por 6 praias em oito quilômetros de extensão. A orla é urbanizada com 218 800 metros quadrados de jardim urbano à beira-mar. Na Zona Intermediária são identificados os seguintes bairros (entre a orla e o centro) da cidade: Campo Grande, Encruzilhada, Estuário, Jabaquara, Macuco, Marapé, Vila Belmiro, Vila Hayden e Vila Mathias. Foi instituído, ainda, o bairro Chinês a partir da Lei de Uso do Solo de 2011 na área.","","Corpus da Disciplina",""
"31","Documento 31","A Zona Noroeste surgiu após a necessidade de expansão territorial na cidade que, apesar da distância da orla, se desenvolveu e expandiu-se a partir do antigo caminho do mar ao redor dos trilhos de um bonde que seguiu em direção a São Vicente. Integra, de uma forma geral, os mais recentes bairros na cidade: Alemoa, Areia Branca, Bom Retiro, Caneleira, Castelo, Chico de Paula, Piratininga, Rádio Clube, Saboó, Santa Maria, São Jorge, São Manoel, Vila Haddad e Vila Progresso, além de contar com o bairro Ilhéu Alto oficializada a partir de 2011 em um local de morro distante do aglomerado dos outros morros da cidade. A Zona Central é o ponto inicial da cidade, onde foi fundada a Vila de Santos, atualmente compreende os bairros Valongo, Centro, Paquetá, Vila Nova e Monte Serrat.","","Corpus da Disciplina",""
"32","Documento 32","Santos possui clima tropical litorâneo úmido. Os verões são quentes e úmidos (com pluviosidade média acima dos 250 mm no mês de janeiro), enquanto os invernos têm como característica temperaturas mais amenas e menor incidência de chuvas (pluviosidade média em torno dos 55 mm em agosto). Primavera e outono se caracterizam como estações de transição.","","Corpus da Disciplina",""
"33","Documento 33","Segundo dados do Instituto Nacional de Meteorologia (INMET), de 1931 a 1996, e do Centro Integrado de Informações Agrometeorológicas (CIIAGRO), de 1996 a 2017, a menor temperatura registrada em Santos foi de 4,2 °C em 13 de junho de 2016 e a maior atingiu 40,7 °C em 9 de setembro de 1997.","","Corpus da Disciplina",""
"34","Documento 34","Fora da série do INMET, foi registrada uma temperatura de 41,7 °C em 27 de janeiro de 2022. O maior acumulado de precipitação em 24 horas, medido pela série do INMET, foi de 368,8 milímetros (mm) em 18 de fevereiro de 1934. Acumulados iguais ou superiores a 200 mm também foram registrados em 17 de dezembro de 1934 (239,5 mm), 11 de janeiro de 1966 (203,8 mm) e 12 de março de 1998 (201,8 mm).","","Corpus da Disciplina",""
"35","Documento 35","Segundo os dados do Censo de 2010, Santos possuía naquele ano, 419 400 moradores: 419 086 deles moravam na zona urbana (99,93%) e 314 na zona rural (0,07%). De acordo os mesmos dados, 191 912 eram homens e 227 488 mulheres. Naquele ano havia 38 159 pessoas morando em aglomerados subnormais, o que correspondia a 9,13% de sua população.","","Corpus da Disciplina",""
"36","Documento 36","Dos moradores com 10 anos ou mais, 97,8% eram alfabetizados e 11% tinham rendimento nominal mensal abaixo de um salário mínimo.","","Corpus da Disciplina",""
"37","Documento 37","Em 2022, a população do município foi contada pelo Instituto Brasileiro de Geografia e Estatística em 418,608 habitantes, sendo o décimo mais populoso do estado, apresentando uma densidade populacional de 1 489,53 habitantes por quilômetro quadrado. Em 2010, o Índice de Desenvolvimento Humano era de 0,840, o terceiro maior do estado.","","Corpus da Disciplina",""
"38","Documento 38","Naquele ano, segundo dados do Censo do Instituto Brasileiro de Geografia e Estatística, a população santista era composta por 71,67% de brancos; 22,33% de pardos; 4,71% de pretos; 1,10% de amarelos; 0,14% ameríndios; além de 0,05% sem declaração. A cidade recebeu imigrantes principalmente durante o século XX.","","Corpus da Disciplina",""
"39","Documento 39","O intenso processo de conurbação atualmente em curso na região vem criando uma metrópole cujo centro está em Santos e atinge vários municípios, como São Vicente, Praia Grande e Guarujá. A Região Metropolitana da Baixada Santista foi criada mediante Lei Complementar Estadual 815, em 30 de julho de 1996, tornando-se a primeira região metropolitana brasileira sem status de capital estadual.","","Corpus da Disciplina",""
"40","Documento 40","Estende-se sobre municípios pertencentes tanto à Mesorregião de Santos (sobreposta à Microrregião de Santos) quanto à Mesorregião do Litoral Sul Paulista (mais precisamente, à Microrregião de Itanhaém). Todos os municípios da Região Metropolitana integram o litoral de São Paulo.","","Corpus da Disciplina",""
"41","Documento 41","A região abrange 2 419,930 quilômetros quadrados (corresponde a menos de 1% da superfície do estado de São Paulo). É a 15ª região metropolitana mais populosa do Brasil, com uma população de cerca de 1,6 milhão de moradores fixos, e faz parte do Complexo Metropolitano Expandido, uma megalópole que compreendia em 2008, 12% da população brasileira, ou cerca de 30 milhões de habitantes. Nos períodos de férias, acolhe igual número de pessoas, que se instalam na quase totalidade em seus municípios.","","Corpus da Disciplina",""
"42","Documento 42","Tal qual a variedade cultural verificável em Santos, são diversas as manifestações religiosas presentes na cidade. Embora tenha se desenvolvido sobre uma matriz social eminentemente católica, tanto devido à colonização quanto à imigração — e ainda hoje a maioria dos santistas declara-se católica —, é possível encontrar atualmente na cidade dezenas de denominações protestantes diferentes, assim como a prática do budismo, do islamismo, espiritismo, entre outras.","","Corpus da Disciplina",""
"43","Documento 43","De acordo com dados do censo de 2010 realizado pelo IBGE, a população santista era composta naquele ano por: 276 590 católicos (65,05%); 56 370 protestantes (13,44%), 34 380 pessoas sem religião (8,20%), 31 876 espíritas (2,31%), 1 657 umbandistas (0,40%), 1 471 budistas (0,35%) e 471 judeus (0,11%). Segundo o censo brasileiro de 2022, a composição religiosa da cidade era de 58,98% católicos, 14,39% evangélicos ou protestantes, 7,67% espíritas, 2,13% umbandistas ou candomblecistas, 0,03% religião tradicional, 6,23% outra religião, 10,45% irreligiosos, 0,06% desconhecidos e 0,05% não declarados.","","Corpus da Disciplina",""
"44","Documento 44","Santos está localizada no país mais católico do mundo em números absolutos. A Igreja Católica teve seu estatuto jurídico reconhecido pelo governo federal em outubro de 2009, ainda que o Brasil seja atualmente um estado oficialmente laico. A Diocese de Santos, presente na cidade, engloba as paróquias das cidades de Bertioga, Cubatão, Guarujá, Itanhaém, Mongaguá, Peruíbe, Praia Grande e São Vicente. O município está dividido em 23 paróquias.","","Corpus da Disciplina",""
"45","Documento 45","A administração municipal se dá pelo poder executivo e pelo poder legislativo.","","Corpus da Disciplina",""
"46","Documento 46","O primeiro prefeito de Santos foi o Coronel Carlos Augusto Vasconcelos Tavares. Ao longo de vários mandatos, diferentes pessoas já passaram pela prefeitura. O eleito nas eleições municipais de Santos em 2020 foi Rogério Santos, do Partido da Social Democracia Brasileira (PSDB), que tomou posse no ano seguinte.","","Corpus da Disciplina",""
"47","Documento 47","O poder legislativo da cidade de Santos é constituído pela câmara municipal, composta por 21 vereadores eleitos para mandatos de quatro anos (em observância ao disposto no artigo 29 da Constituição) e está composta da seguinte forma: três do PSDB; três do Progressistas (PP); três do Partido Liberal (PL); dois do Democratas (DEM); dois do Partido Socialista Brasileiro (PSB); dois do Partido dos Trabalhadores (PT); dois do Podemos (PODE); dois do Republicanos; 1 do Partido Socialismo e Liberdade (PSOL) e 1 do Partido Social Liberal (PSL).","","Corpus da Disciplina",""
"48","Documento 48","O Produto Interno Bruto (PIB) é o maior da Região Metropolitana da Baixada Santista, o 13º do estado de São Paulo e o 33º de todo o país, em 2016. De acordo com dados do Instituto Brasileiro de Geografia e Estatística relativos a 2016, o PIB do município era de 21.954.556,74 bilhões de reais e o PIB per capita era de 50 544,73 reais.","","Corpus da Disciplina",""
"49","Documento 49","O montante de riquezas gerado na cidade supera o de outros estados brasileiros, como Alagoas, Sergipe e Tocantins. O setor de turismo e serviços em geral têm importante peso na economia local, mas o Porto de Santos é o maior gerador de receita e renda para a cidade, sendo que o município é a segunda cidade que mais arrecada impostos no estado de São Paulo.","","Corpus da Disciplina",""
"50","Documento 50","Santos possui o maior porto da América Latina, o Porto de Santos. Suas obras começaram em 1888 e o primeiro trecho de cais foi inaugurado em 1892. O porto de Santos é responsável por escoar boa parte das exportações brasileiras e cerca de 70% das exportações de café.","","Corpus da Disciplina",""
"51","Documento 51","O Complexo Portuário de Santos responde por mais de um quarto da movimentação da balança comercial brasileira é o principal porto do país, e inclui na pauta de suas principais cargas produtos como o açúcar, soja, café, milho, trigo, sal, polpa cítrica, suco de laranja, papel, automóveis, álcool e outros granéis líquidos, em cargas transportadas em contêineres via porto, trilhos e estradas.","","Corpus da Disciplina",""
"52","Documento 52","A área de influência econômica do porto concentra mais de 50% do produto interno bruto (PIB) do país e abrange principalmente os estados de São Paulo, Minas Gerais, Goiás, Mato Grosso e Mato Grosso do Sul. Aproximadamente 90% da base industrial paulista está localizada a menos de 200 quilômetros do porto santista. Em 2007, o Porto de Santos foi considerado o 39ª maior do mundo por movimentação de contêineres pela publicação britânica Container Management, sendo o mais movimentado da América Latina.","","Corpus da Disciplina",""
"53","Documento 53","O orçamento municipal gira em torno de 1,9 bilhão em 2013, segundo estimativa. A renda per capita também figura no início do ranking de cidades brasileiras. Pelo censo de 2010, do IBGE, aparece em 9ª posição, com remuneração média de 1.682,24 reais, maior do que a renda por habitante de capitais como São Paulo (1.495,04 reais) e Rio de Janeiro (1.518,55 reais). O nível de emprego tem se mantido em constante alta na década de 2000, seguindo tendência nacional.","","Corpus da Disciplina",""
"54","Documento 54","Entre os principais pontos turísticos de Santos além de suas praias, podemos citar os Jardins da orla de Santos que é o maior jardim frontal de praia em extensão do mundo. Em 2023, Santos arrecadou 13,7 milhões de reais em Imposto sobre Serviços de Qualquer Natureza (ISS) no setor de turismo, um aumento de 171% em relação ao ano anterior e o maior valor desde o início das medições em 2018. O ISS do turismo engloba atividades como hospedagem, agenciamento, guias, parques de diversão, feiras, congressos, eventos esportivos, museologia e serviços portuários. Santos ocupa a 13ª posição no ranking nacional de arrecadação de ISS, superando várias capitais brasileiras.","","Corpus da Disciplina",""
"55","Documento 55","O Aquário de Santos (antigo Aquário Municipal de Santos), inaugurado em 1945 pelo então Presidente da República Getúlio Vargas e ampliado em 2006, é o segundo parque público mais visitado do estado e atrai turistas do mundo inteiro.","","Corpus da Disciplina",""
"56","Documento 56","Outros lugares de interesse são o Museu do Café Brasileiro, o Orquidário Municipal, o Jardim Botânico Chico Mendes, o Teatro Coliseu Santista, o Panteão dos Andradas, o Monte Serrat, e a Estação do Valongo. A Laje de Santos  é um lugar muito procurado por mergulhadores. Entre as igrejas de interesse temos a Catedral de Santos, a Igreja Santo Antônio do Embaré, e a Igreja do Valongo.","","Corpus da Disciplina",""
"57","Documento 57","Santos é um dos 15 municípios paulistas considerados estâncias balneárias pelo estado de São Paulo, por cumprirem determinados pré-requisitos definidos por Lei Estadual. Tal status garante a esses municípios uma verba maior por parte do estado para a promoção do turismo regional. Também, o município adquire o direito de agregar junto a seu nome o título de Estância Balneária, termo pelo qual passa a ser designado tanto pelo expediente municipal oficial quanto pelas referências estaduais.","","Corpus da Disciplina",""
"58","Documento 58","Basicamente, a rede urbana de Santos é composta de uma malha urbana em formato de tabuleiro de xadrez, fruto do projeto desenvolvido pelo engenheiro Saturnino de Brito. A maioria das grandes vias de circulação estendem-se no sentido norte-sul: são as avenidas arborizadas que margeiam os canais e as avenidas Ana Costa e Conselheiro Nébias (antiga ligação do Centro da Cidade às praias). Elas conectam as praias, ao sul, com o Centro da Cidade, ao norte. O Centro faz face ao braço de mar conhecido por Largo do Caneú. A avenida Ana Costa pode ser considerada a avenida símbolo da cidade, onde se situam edifícios comerciais, cinemas, bancos e escolas. Suas palmeiras imperiais remontam à década de 1920, e no coração do bairro do Gonzaga (cruzado por essa avenida) ela atravessa a Praça Independência, local tradicional de comemorações da cidade, onde está o Monumento à Independência (com o patriarca José Bonifácio de Andrada e Silva no alto) inaugurado em 1922.","","Corpus da Disciplina",""
"59","Documento 59","No sentido leste-oeste, as ligações viárias são mais escassas. Elas conectam regiões próximas do Maciço de São Vicente (a oeste) ao Estuário de Santos, face ao qual se estende o Porto (a leste). Três grandes eixos de circulação se destacam nesse sentido: o eixo central, as avenidas Afonso Pena e Francisco Glicério (do bairro Ponta da Praia aos morros via região central à zona leste); o eixo leste que margeia a orla da praia (recebendo vários nomes: Presidente Wilson, Vicente de Carvalho, Bartolomeu de Gusmão e Almirante Saldanha da Gama) e também a avenida paralela à da orla (que também recebe vários nomes: Floriano Peixoto, Galeão Carvalhal, Embaixador Pedro de Toledo e Epitácio Pessoa); e o eixo central-noroeste (formado por vias entre São Francisco e João Pessoa a Francisco Dorneles Vargas, Martins Fontes e acessos tais como Nossa Senhora de Fátima, rodovias, porto-alemoa e morros). Quanto à paisagem urbana, ao sul da linha férrea, a cidade de Santos é extremamente densa, principalmente nas quadras fronteiras ao mar. Ao centro da ilha (Campo Grande, Encruzilhada, Macuco), a densidade cai (apesar de manter-se considerável) e próximo ao Centro, mais ao norte da ilha, os bairros da Vila Nova, Vila Mathias e Paquetá - áreas nobres no início do século XX - foram convertidas ao longo do século em áreas industriais e, em sua maioria, deterioradas (com proliferação de cortiços e desvalorização urbana). Na Vila Nova localiza-se o Mercado Municipal de Santos.","","Corpus da Disciplina",""
"60","Documento 60","Os canais de Santos hoje possuem mais de cem anos de idade, são uma marca característica da cidade. Foram construídos por Saturnino de Brito para drenar os terrenos alagadiços da planície santista e conduzir as águas pluviais, que eram focos constantes de doenças nos verões quentes da cidade, ao mar. O sistema combinou planejamento urbano (arruamento das zonas atravessadas pelos canais) e separação estrita entre redes de águas pluviais e rede de esgotos. Os canais são numerados sequencialmente e servem como pontos de referência, muito mais do que os bairros ou vias. Entretanto, com a elevação gradativa do nível do mar, foi criado o Projeto Metrópole, financiado pela FAPESP, para pesquisar soluções que previnam as consequências de futuras tempestades e ressacas, pois se observou a ocorrência de erosões na região da orla e enchentes principalmente na região da zona noroeste da cidade. Nesse sentido, com estudos por meio de sistema de georreferenciamento, executa projetos e início de obras de macrodrenagem.","","Corpus da Disciplina",""
"61","Documento 61","Pelo seu caráter litorâneo e pelo fato de ter sido construída em parte sobre antigos terrenos de manguezais, a cidade de Santos tem um perfil de solos dos mais difíceis no país para a construção de fundações. Por este motivo, uma série de edifícios foram erigidos ao longo do século XX (especialmente a partir da década de 1960) com fundações executadas a partir de equívocos de sondagem ou de projeto. A especulação imobiliária surgida com a explosão do veraneio em Santos foi a responsável por tais erros, já que os edifícios eram construídos rapidamente para abrigar muitos veranistas. Com o tempo, tais edifícios passaram a sofrer acentuados recalques diferenciais: tornam-se ""tortos"" (ou seja, perdem o prumo) aos olhos dos pedestres situados na praia. Recentemente os ""prédios tortos"" da orla de Santos estão virando atração turística: são cerca de 90 prédios com esta característica. Estão concentrados na orla do Boqueirão, Embaré e Aparecida. O reaprumo ou a implosão e reconstrução são soluções possíveis. A primeira opção, menos impactante que a segunda, já foi executada com sucesso no edifício que era considerado o mais inclinado da orla (o denominado 'Núncio Malzoni', no bairro do Boqueirão), o qual tinha mais de 2 metros de inclinação do topo em relação à base.","","Corpus da Disciplina",""
"62","Documento 62","Santos faz parte da rede mundial de municípios que priorizam a educação, desde 30 de outubro de 2008, quando a cidade foi incluída oficialmente na Associação Internacional das Cidades Educadoras (AICE). Entre as instituições de ensino superior encontra-se a Universidade de São Paulo campus USP Mar, a Universidade Federal de São Paulo (UNIFESP), a Universidade Santa Cecília (UNISANTA), a Faculdade de Ciências Médicas de Santos, a Universidade Metropolitana de Santos (UNIMES), a Universidade Católica de Santos (UNISANTOS), a Universidade Paulista (UNIP), a Escola Superior de Administração, Marketing e Comunicação (ESAMC), o Centro Universitário São Judas Tadeu (UNIMONTE) e a Faculdade de Tecnologia do Estado de São Paulo Rubens Lara (FATECRL). Santos também dispõe da mais antiga entidade geral estudantil do Brasil, o Centro dos Estudantes de Santos, fundado em 1932.","","Corpus da Disciplina",""
"63","Documento 63","Em 27 de dezembro de 2003 foi inaugurada a ciclovia na orla da praia de Santos e atualmente cobre toda a área com mais de 7,8 km de extensão e 2,5 metros de largura desde a divisa com São Vicente à Ponta da Praia, possibilitando ainda ligação com a ciclovia da avenida Portuária e o Ferry Boat, ponto de atracação das balsas que fazem a Travessia Santos-Guarujá. A cidade é favorecida pela predominância de ruas planas sem ladeiras e, tendo em vista a alta densidade de veículos automotores competir com a fluidez de tráfego e regiões verticalizadas, implantou ciclovias nas avenidas Francisco Glicério, Afonso Pena, Rangel Pestana, Ana Costa, Martins Fontes e Nossa Senhora de Fátima; na extensão dos canais 1 a 6; a que liga o centro aos bairros passando pelo Túnel Rubens Ferreira Martins; e na Ponta da Praia. Foram implantados, ainda, vários bicicletários pela cidade que funcionam como estação para um serviço municipal de aluguel de bicicletas operados pela empresa Samba.","","Corpus da Disciplina",""
"64","Documento 64","A cidade de Santos possui seis sistemas de travessia do estuário para o Guarujá. No bairro da Ponta da Praia existe a travessia para pedestres através de lanchas e barcas e de automóveis por meio de balsas da Travessia Santos-Guarujá, todos para o bairro de Jardim São José (Praça das Nações Unidas) no município vizinho. O primeiro sistema é administrado por uma cooperativa e os dois últimos pela DERSA (Desenvolvimento Rodoviário S.A.). A travessia que possui o maior fluxo de veículos do mundo nessa categoria, com a quantia de aproximadamente 23 mil veículos ao dia.","","Corpus da Disciplina",""
"65","Documento 65","O município de Santos é servido basicamente por três rodovias. O principal acesso é a Via Anchieta (SP-150 ou BR-050), proveniente de São Paulo, a única a atingir a área insular, e que recebe o tráfego proveniente das rodovias dos Imigrantes, Padre Manuel da Nóbrega, Rio-Santos e Cônego Domênico Rangoni (Piaçaguera-Guarujá). Na área continental, a cidade também é cortada pela Rodovia Rio-Santos (SP-55 ou BR-101), proveniente do Rio de Janeiro, e principal acesso a bairros afastados como o do Caruara. Na região do Monte Cabrão, esta rodovia desemboca na Cônego Domênico Rangoni (continuação da SP-55 ou BR-101), cortando a região do Quilombo e terminando na Via Anchieta já em Cubatão, por onde se tem acesso à área insular.","","Corpus da Disciplina",""
"66","Documento 66","O transporte por meio de ônibus é muito utilizado em Santos, sendo quase que totalmente operado por veículos a diesel. Atualmente, Santos é umas das poucas cidades brasileiras junto com São Paulo e a região do ABC que possuem um sistema de trólebus.","","Corpus da Disciplina",""
"67","Documento 67","Projetos diversos foram apresentados como alternativas para o deslocamento de milhares de pessoas, que vão desde ponte até um túnel que faria a ligação do município até Guarujá de forma submersa como ligação seca e outro túnel entre a Zona Leste e a Zona Noroeste, todos contando com ciclovia em seus projetos, além de teleférico que auxiliaria com rápido deslocamento de centenas de usuários pelos morros da cidade. Em 2020 houve a inauguração de viadutos, sendo o principal elevado no bairro Saboó batizado com o nome do ex-prefeito Paulo Gomes Barbosa, com destaque luminoso em faixa de cores interativas. Também foi inaugurada ligação entre os bairros São Manoel e Bom Retiro com uma nova avenida se chamará Beira Rio, às margens do Rio São Jorge como outro importante acesso à cidade via Zona Noroeste.","","Corpus da Disciplina",""
"68","Documento 68","O sistema funicular do Monte Serrat foi planejado em 1910 e construído em 1923 e liga o centro da cidade ao alto do Monte Serrat Ver trajeto no Google Maps, onde está um grande cassino inaugurado em 1927 (fechado devido à criação da lei que proíbe jogos de azar no Brasil, em 1946) e a Capela de Nossa Senhora do Monte Serrat, padroeira da cidade. Possui dois bondinhos, que operam sempre simultaneamente: enquanto um sobe, o outro desce, e os dois se encontram exatamente na metade do percurso, onde há um desvio.","","Corpus da Disciplina",""
"69","Documento 69","Santos foi a segunda cidade do país a ter um serviço de bondes (após o Rio de Janeiro). A primeira linha foi inaugurada em 1871, um ano antes de os bondes serem inaugurados na cidade de São Paulo. Em 1909, foi inaugurado o serviço eletrificado, que até então era feito por tração animal ou vapor. O serviço foi desativado em 1971, quando os bondes saíram de circulação por diversos motivos, entre os quais a maior procura pelos ônibus por parte do público. Em 2000, foi inaugurado o bonde turístico do centro histórico, que sai da Praça Mauá, em frente ao Paço Municipal. A linha turística conta com dois bondes que circularam no centro da cidade de Santos e um bonde doado pela cidade do Porto, em Portugal e reformado nas oficinas de Santos.","","Corpus da Disciplina",""
"70","Documento 70","A cidade possui dois acessos ferroviários que eram utilizados apenas para o transporte de cargas. O primeiro, oriundo da extinta ""The São Paulo Railway"", construído em 1867 para transportar café, sendo posteriormente a Estrada de Ferro Santos a Jundiaí (1947-1975) e sucedida à Rede Ferroviária Federal (1975-1996), é operado atualmente pela MRS Logística e atinge a cidade proveniente de São Paulo e do ABC Paulista pela região noroeste, passando até Cubatão por meio de transporte com trens elétricos em alta velocidade, que vence o desnível de sua origem e destino por meio de linha férrea com cremalheira em poucos minutos, sendo posteriormente despachado para o bairro do Valongo.","","Corpus da Disciplina",""
"71","Documento 71","O outro acesso ferroviário originou-se da extinta Estrada de Ferro Sorocabana (1927-1971) e sua sucessora, FEPASA (1971-1998), sendo posteriormente operado pela concessionária Ferroban. É proveniente do município de Mairinque na região de Sorocaba e chega a Santos pelo bairro do José Menino (sudoeste da área insular). A linha cruza em nível praticamente toda a cidade de oeste a leste até atingir a região portuária no bairro do Macuco. Em face a maior demanda de deslocamento de pessoas, bem como o aumento da frota de veículos, foi desativado para transporte de cargas e entregue em janeiro de 2017 como um sistema metropolitano de transporte de passageiros conhecido por Veículo Leve sobre Trilhos operado pelo consórcio BR Mobilidade a partir do bairro de Barreiros em São Vicente, com uma futura extensão aguardando obras até o bairro do Valongo.","","Corpus da Disciplina",""
"72","Documento 72","O sistema de telefones automáticos foi inaugurado na cidade pela Companhia Telefônica Brasileira (CTB) em 1934, sendo a 4ª cidade do estado a receber esse melhoramento, e que construiu as primeiras centrais telefônicas da cidade (Rua Brás Cubas, Rua Tocantins e Av. Washington Luís), com as duas primeiras já desativadas há algumas décadas. Já o sistema de discagem direta à distância (DDD) foi implantado em 1973 pela Telecomunicações de São Paulo (TELESP), com o código de área (0132). Na década de 90 o código DDD da cidade foi alterado para (013), para padronização do sistema telefônico com a telefonia celular que estava sendo implantada em todo o estado. O serviço telefônico móvel, por telefone celular, é oferecido por diversas operadoras. O código de área (DDD) de Santos é 013 e o Código de Endereçamento Postal (CEP) da cidade vai de 11000-001 a 11249-999. Ainda há serviços de internet como serviços de banda larga (ADSL) ou fibra ótica, sendo oferecidos pelas principais empresas provedoras de acesso.","","Corpus da Disciplina",""
"73","Documento 73","Santos possui vários museus, entre eles o Museu do Café Brasileiro onde funcionava a Bolsa do Café até a década de 1970. Outros museus da cidade são o Museu de Arte Sacra de Santos, o Museu de Pesca de Santos, o Museu De Vaney, o Museu Oceanográfico, o Memorial das Conquistas, o Museu Pelé, o Museu do Porto e o Museu do Mar.","","Corpus da Disciplina",""
"74","Documento 74","A cidade de Santos possui 3 jornais diários, 4 emissoras de televisão comerciais e 10 emissoras de rádio, sendo 4 em FM e 6 em AM. A tradição cinematográfica pela qual a cidade se especializou foi a de curtas metragens, abrigando grandes e importantes festivais da área. Quanto às produções cinematográficas de Santos, podemos citar as de diretores como Chico Botelho (cuja morte não o deixou concluir os longas Janete e Cidade Oculta), Icaro Martins, José Roberto Eliezer, Tânia Savietto, Aloysio Raulino, José Roberto Torero, Renato Neiva Moreira, Hélcio Nagamine, entre outros. Quanto às produções recentes com maior repercussão na cidade podemos citar O Magnata (2007), escrito pelo Chorão da banda Charlie Brown Jr., e Querô (2007), que promoveu testes de jovens atores pela cidade e que legou consequências que refletem até hoje.","","Corpus da Disciplina",""
"75","Documento 75","Santos também foi muito utilizada pela televisão em minisséries como Um Só Coração, produzida pela Rede Globo de Televisão, que teve 80% de suas cenas gravadas no centro histórico de Santos em outubro de 2003, para apresentação em rede nacional em janeiro de 2004. De fato, a revitalização do Centro Histórico da cidade, a começar por sua iluminação e asfalto, possibilitou a gravação de muitas cenas televisivas que exigiam figurinos e enredos de época. No caso de Um Só Coração, o objetivo era retratar a década de 1920 e como tal foram utilizadas locações como a Rua XV de Novembro e o interior da Bolsa Oficial do Café. Entre os atores que gravaram no centro da cidade estão Ana Paula Arósio, Tarcísio Meira, Letícia Sabatella, Ângelo Antônio, Herson Capri, Erik Marmo, Maria Fernanda Cândido, Marcello Antony, sem contar os figurantes da própria cidade. Além de minisséries, a telenovela de 1977 Éramos Seis, escrita por Silvio de Abreu, na Tupi, também teve algumas cenas rodadas na praia, no bonde e nos jardins do Orquidário encenadas por Nicette Bruno, Riccelli, e Strazzer.","","Corpus da Disciplina",""
"76","Documento 76","A cidade possui nomes de renome no cenário musical brasileiro, como a banda Charlie Brown Jr.. Santos também é considerada celeiro de bons bateristas e berço de bandas de rock como Balara, Garage Fuzz, Bula e Zimbra. Dentre os músicos nascidos na cidade estão artistas como Leny Eversong, Gilberto Mendes, Haroldo Lara, Almeida Prado, Renato Teixeira e Tulipa Ruiz.","","Corpus da Disciplina",""
"77","Documento 77","A dança também é muito renomada na cidade de Santos. Ela é sede de alguns festivais renomados de dança como o Fidifest, o Fesadan e o Santos Dance Festival. Algumas escolas renomadas são a Balé Jovem de São Vicente e a Escola de Bailado de Santos. Esse último é especializado em ""ballet adulto"" e a única escola da cidade de Santos que oferece a modalidade ""Dança Contemporânea de Salão.""","","Corpus da Disciplina",""
"78","Documento 78","Desde 1962 abriga o Festival Música Nova ""Gilberto Mendes"" é um evento internacional e anual de música contemporânea idealizado por Gilberto Mendes (Santos, 1922-2016).","","Corpus da Disciplina",""
"79","Documento 79","Santos é uma cidade relativamente cinematográfica. Zé do Periquito (1960), de Mazzaropi, possui algumas cenas de entrada e saída de navio da Ponta da Praia. Estas cenas foram as primeiras filmagens vistas pelo crítico santista Rubens Ewald Filho, aos quinze anos, e que ele tentou retomar num ângulo parecido no seu primeiro e único curta-metragem intitulado José Bonifácio que Ninguém Conhece, hoje perdido nos ""meandros"" da produtora Faculdade de Comunicação da Católica. Antes e depois do filme de Mazzaropi, Santos já havia sido e continuou sendo palco cinematográfico. Outros exemplos notórios inclui a versão original com Vera Nunes de Presença de Anita (1951), de Ruggero Jacobbi, Asa Branca - Um Sonho Brasileiro (1981), de Djalma Batista, com Walmor Chagas e Edson Celulari numa sequência no Gonzaga na fonte luminosa, O Rei Pelé, de Carlos H. Christensen, na cena em que o garoto que interpreta Pelé vê o mar pela primeira vez ao lado de Lima Duarte, o curta Domingo no Parque, de Isaías Almada, que logo depois da música homônima de Gilberto Gil utilizou uma roda-gigante que existia no Itararé.","","Corpus da Disciplina",""
"80","Documento 80","Outros filmes inclui o único filme do galã Hélio Souto, com Norma Bengell, onde há uma passada na ilha Porchat em 1960, um certo Leg da década de 1960 e que várias figuras da sociedade participaram sem saberem que o diretor era um vigarista de Portugal, A Flor do Desejo de Guilherme de Almeida Prado, onde Sandra Bréa foi substituída por Imara Reis (que acabou recebendo ótimas críticas), Bellini e a Esfinge (2001), de Roberto Santucci, filme alemão com Erika Remberg rodado no cais da cidade, além do filme policial A Mulher do Quarto 13 (1932) com Brian Donlevy e Andréa Bayard.","","Corpus da Disciplina",""
"81","Documento 81","Santos também possui uma tradição na exibição de filmes. Durante muitas décadas possuiu diversos edifícios cujo principal foco era o cinema e, embora tenha modernamente perdido muitas salas, nenhuma cidade de seu tamanho tivera um número tão grande de alternativas em assistir desde cinema-lançamentos até filmes b, desenhos animados e tchecos, russos, italianos. A cidade também desenvolveu um projeto que funcionou durante muitas décadas, o Clube de Cinema, o primeiro do país, e acompanhou toda a criatividade do cinema exterior e nacional.","","Corpus da Disciplina",""
"82","Documento 82","Santos tem sido uma fonte de inspiração para muitos autores, conterrâneos ou estrangeiros, e possui uma longa tradição de publicação poética importante na literatura brasileira.","","Corpus da Disciplina",""
"83","Documento 83","Talvez dois dos seus mais famosos poetas sejam Vicente de Carvalho e Martins Fontes. O primeiro, embora tenha se dedicado a um complexo de atividades, é mais conhecido por ter sido chamado de ""O Poeta do Mar"" dada à sua dedicação a escrever poemas dedicados à praia de Santos, e foi membro da Academia Brasileira de Letras, deixando uma prolífica obra literária e jurídica. Sua magnum opus, Poemas e Canções (cujo prefácio foi escrito por Euclides da Cunha), publicada primeiramente em 1908, chegou modernamente à sua 17ª edição - fato raro na literatura nacional.","","Corpus da Disciplina",""
"84","Documento 84","Carvalho apoiou-se numa tradição lírica que nos remete a Victor Hugo e foi um grande divulgador da cidade como advogado e jurista, e hoje sua importância é refletida num dos nomes de uma das ruas da cidade. Martins Fontes, por sua vez, é mais conhecido por seus sonetos parnasianos, embora também tenha se tornado popular como médico da Santa Casa. Foi um grande colaborador dos ideais e das ambições de seu tempo; seu túmulo no Cemitério do Paquetá é um dos mais visitados na cidade e sua morte foi muito noticiada.","","Corpus da Disciplina",""
"85","Documento 85","Provavelmente Santos seja a cidade do interior paulista mais profundamente ligada ao movimento teatral. O teatro em Santos se desenvolve e se desenvolveu dentro dos principais locais para a arte dramática: Teatro Municipal Brás Cubas, Teatro de Arena Rosinha Mastrângelo, Teatro do SESC, Teatro do SESI e, curiosamente, nas praças públicas.","","Corpus da Disciplina",""
"86","Documento 86","Patrícia Galvão, mais conhecida como Pagu, foi a primeira presidente da União de Teatro Amador de Santos que no ano de 1958 iniciou a organização do movimento na cidade.  Pagu foi uma grande pioneira do teatro na cidade; escrevendo para o A Tribuna, conseguiu patrocínios e realizou os primeiros festivais de teatro de Santos. Os festivais continuaram suas atividades pela Federação Santista de Teatro Amador com o nome FESTA - Festival Santista de Teatro Amador. A partir de 2009 a Federação Santista de Teatro Amador já estava extinta mas o festival continuou com o mesmo nome FESTA, porém agora como Festival Santista de Teatro, abolindo a palavra ""Amador"" e tornando-se um festival nacional de teatro. Hoje o FESTA - Festival Santista de Teatro é o festival em atividade mais antigo do Brasil, recebendo a Ordem do Mérito Cultural 2011 pelo Ministério da Cultura. O festival continua sendo realizado e produzido pelo Movimento Teatral de Santos, formado por diversos grupos da cidade, tendo como seu representante jurídico a Associação dos Artistas do Litoral Paulista. Alguns grupos da cidade se destacam como Trupe Olho da Rua, Os Pernilongos Insolentes, Teatro Widia,  Cia Own, Os Phantanas. Pagu era conhecida como a ""musa"" da Semana de Arte Moderna e escolheu Santos como a última cidade em que viveu. Estreitou relações com José Greghi Filho (ator e dramaturgo santista) e promoveu a campanha para a construção do Teatro Municipal que hoje leva seu nome.","","Corpus da Disciplina",""
"87","Documento 87","Plínio Marcos e Carlos Alberto Soffredini são dois dos mais conhecidos e aclamados dramaturgos da cidade. Marcos iniciou sua carreira na companhia de Cacilda Becker e Walmor Chagas no início da década de 1960 e escreveu peças como Navalha na Carne e Dois Perdidos Numa Noite Suja que soaram de cunho sociopsicológico e foram proibidas na época. Plínio prosseguiu sua carreira também como ator e na década de 1970 trabalhou ao lado de Gianfrancesco Guarnieri, Oduvaldo Viana Filho, Jorge Andrade, Nelson Rodrigues e Abílio Pereira de Almeida. Nesta época, surgia outro dramaturgo na cidade, Soffredini, autor de Mais Quero Asno que Me Carregue, e que ao lado de Marcos figura como um autor expoente do moderno teatro do Brasil. No teatro infantil da cidade, destaca-se Oscar Von Pfhul, cunhado de Paulo Autran, e que possui projeção internacional.","","Corpus da Disciplina",""
"88","Documento 88","Muitos outros nomes famosos surgiram do teatro santista; entre estes nomes destaca-se os de Serafim Gonzalez, Paulo Lara, Tanah Corrêa, Sérgio Mamberti, Cláudio Mamberti, Bete Mendes, Jandira Martini, Wilson Geraldo, Ney Latorraca, Nuno Leal Maia, Alexandre Borges, Oscar Magrini, Paulo Vilhena, etc.","","Corpus da Disciplina",""
"89","Documento 89","O esporte em Santos talvez seja um dos temas de maior projeção da cidade. Possui uma grande tradição nos mais variados esportes com constante auxílio de projetos sociais e educacionais. A começar pelo mar, temos o surfe santista que, apesar das ondas calmas da praia, possui um papel particular na história do surfe brasileiro e mundial: foi em Santos que o esporte começou a se desenvolver no país. Desde a década de 1930, os surfistas utilizavam pranchas de madeira oca e surfavam na praia do Gonzaga. A carreira dos pioneiros da modalidade no Brasil, os irmãos Thomas Rittscher Júnior e Margot Rittscher, está exclusivamente ligada a Santos e aos nomes de santistas como Osmar Gonçalves e João Roberto Suplicy Hafers, que formam, juntos, o que o jornalismo de hoje diz ser os primeiros surfistas do Brasil. Mais tarde, o surfe santista foi aprimorado e melhor divulgado por parte de escolas (como a Escolinha Radical, no Posto 2, liderado pelo primeiro surfista profissional brasileiro, Cisco Aranha) e de universidades, revelando nomes como Picuruta Salazar, que tornou-se o ""maior"" símbolo do esporte na cidade, e Renata Agondi, pessoas que renderam influência à posterioridade. Picuruta, além de criar escolinhas para crianças, também desenvolve projetos paralelos em lugares como o Havaí, oportunidade pela qual jovens talentos da cidade podem assumir responsabilidades internacionais.","","Corpus da Disciplina",""
"90","Documento 90","No futebol, a cidade foi palco de grandes jogadores, desde Araken Patuska por volta dos anos 20, passando por Pelé nos anos 60 até Neymar entre os anos de 2009 e 2012. A cidade é sede de três clubes, sendo o de maior destaque o Santos Futebol Clube, que é reconhecido internacionalmente, possuindo entre suas principais conquistas três Copas Libertadores da América e dois títulos Mundiais Interclubes, além de oito títulos de Campeão Brasileiro. Joga no Estádio Urbano Caldeira, mais conhecido como ""Vila Belmiro"". Os outros dois clubes são a Associação Atlética Portuguesa (conhecida popularmente como Portuguesa Santista), que joga no Estádio Ulrico Mursa, e o Jabaquara Atlético Clube que joga no Estádio Espanha. Esses três clubes realizam os clássicos do futebol de Santos quando se confrontam. Também está localizado em Santos o Estádio Municipal Paulo César de Araújo (Estádio Pagão), que se encontra na Zona Noroeste da cidade. Um quarto time de futebol, o Litoral Futebol Clube, chegou a existir em Santos, mas encerrou suas atividades em 2008.","","Corpus da Disciplina",""
"91","Documento 91","Outro esporte da cidade é o Iatismo (ou vela), praticada no Clube Internacional de Regatas e que tem como destaque a flotilha da Classe Snipe. Além de diversos eventos de snipe, a cidade também é sede de etapas do Campeonato Paulista de Vela Oceânica e é largada da tradicional regata oceânica Santos-Rio. Santos também conta com um polo do projeto ""Navega São Paulo"" que ensina esportes náuticas às escolas públicas, entre eles a vela. O Tamboréu, por sua vez, é um esporte que nasceu em Santos e hoje é bastante praticado em toda a Baixada Santista. O jogo parecido com o tênis no que diz respeito às regras, é jogado com ""raquetes"" com o formato de um pandeiro (o tamboréu). A rede possui um metro de altura.","","Corpus da Disciplina",""
"92","Documento 92","26 de janeiro, aniversário da cidade;","","Corpus da Disciplina",""
"93","Documento 93","8 de setembro, padroeira da cidade Nossa Senhora do Monte Serrat.","","Corpus da Disciplina",""
"94","Documento 94","Estrada de Ferro Santos-Jundiaí","","Corpus da Disciplina",""
"95","Documento 95","Complexo Metropolitano Expandido","","Corpus da Disciplina",""
"96","Documento 96","São Vicente, oficialmente Estância Balneária de São Vicente, é um município brasileiro do estado de São Paulo e primeira cidade do Brasil. Pertencente à Região Metropolitana da Baixada Santista, sua população, no censo de 2022, era de 329 911 habitantes, sendo a terceira cidade mais populosa do litoral paulista, atrás apenas de Santos e Praia Grande. Sua área territorial é de 148,151 km², o que lhe confere uma densidade demográfica de 2 226,86 habitantes por km².","","Corpus da Disciplina",""
"97","Documento 97","São Vicente marca o início efetivo da colonização no Brasil e torna-se o primeiro núcleo institucionalizado em todo o território brasileiro, estando entre as cidades mais antigas continuadamente habitadas do continente americano. Fundada em 1532 pelo militar e administrador colonial português Martim Afonso de Sousa, na Capitania de São Vicente, a criação da vila atendeu às ordens do Rei Dom João III de Portugal. A ilha onde a cidade se estabeleceu havia sido descoberta anteriormente, em 1502, durante a expedição de Gaspar de Lemos e Américo Vespúcio, que a batizaram em homenagem a São Vicente Mártir, tornando-a a primeira vila da América Portuguesa. Em 22 de agosto de 1532, realizou-se ali a primeira eleição do continente americano, na qual foram escolhidos os primeiros oficiais da Câmara, função atualmente equivalente ao cargo de vereador. Por todos esses marcos históricos, São Vicente é reconhecida como o ""berço da colonização portuguesa"" e também como o ""berço da democracia americana"", tendo, inclusive, servido de inspiração para modelos democráticos posteriores, como o dos Estados Unidos.","","Corpus da Disciplina",""
"98","Documento 98","Com um PIB de mais de 6 bilhões de reais, sua economia é baseada nos serviços, comércio e no turismo, com boa infraestrutura hoteleira e gastronômica. Segundo o Índice de Cidades Empreendedoras (ICE) de 2023, São Vicente é uma das melhores cidades para empreender no Brasil. Parte do município se estende pelo continente, em duas porções distintas: o bairro de Japuí, ligado à cidade por uma ponte construída em 1914 pelo engenheiro Saturnino de Brito no caminho que ruma à Praia Grande, e o distrito de Samaritá, que inclui também os bairros do Humaitá, Parque Continental, Parque das Bandeiras, Jardim Rio Branco, Samaritá, Vila Nova São Vicente, Vila Ema e o Quarentenário, situados ao longo da Rodovia Padre Manoel da Nóbrega, entre Cubatão, Praia Grande e os contrafortes da Serra do Mar, estendendo-se até a Terra Indígena Rio Branco, na divisa com os municípios de Itanhaém e São Paulo.","","Corpus da Disciplina",""
"99","Documento 99","São Vicente preserva diversos sítios e edifícios históricos construídos desde o século XVI, os quais testemunham o processo de ocupação e desenvolvimento do país. Entre eles, destaca-se a Casa de Taipa, a primeira casa do Brasil, construída entre 1516 e 1520; o Parque Cultural Vila São Vicente, onde há apresentações no Teatro José Anchieta, espaço para apresentações artísticas e oficinas culturais que homenageia o jesuíta José de Anchieta, pioneiro da dramaturgia brasileira; a Igreja Matriz de São Vicente Mártir, no local onde havia sido construída a primeira igreja matriz do Brasil; o Engenho dos Erasmos, que marca o início da cultura canavieira nacional, a qual se iniciou na Capitania de São Vicente, a Biquinha de Anchieta, a Ponte Pênsil e a Encenação da fundação da Vila de São Vicente, considerada pelo Guinness World Records o ""maior espetáculo teatral realizado em areia de praia do mundo"". Abriga o São Vicente Atlético Clube. Devido à sua importância histórica, política e cultural, além de suas belezas naturais e praias, cultura e culinária caiçara, é um importante destino turístico do Brasil, sendo procurada, em especial, nos setores do turismo histórico, cultural, arquitetônico, ecoturismo e o turismo de sol e praia. Anualmente, recebe mais de 2 milhões de turistas e é reconhecida como uma Estância Balneária.","","Corpus da Disciplina",""
"100","Documento 100","A Ilha de São Vicente originalmente era denominada Gohayó e teve como primeiros habitantes os indígenas tapuias, expulsos para o interior por volta do ano 1000 pelos tupis, que conquistaram a região.","","Corpus da Disciplina",""
"101","Documento 101","A Ilha de Gohayó foi descoberta em 22 de janeiro de 1502, pela expedição portuguesa comandada por Gaspar de Lemos e Américo Vespúcio, e, por ser o dia do santo mártir Vicente de Saragoça, foi batizada como Ilha de São Vicente.","","Corpus da Disciplina",""
"102","Documento 102","Nas primeiras décadas do século XVI, existiu, onde hoje é o centro de São Vicente, um povoado, fundado pelo enigmático Bacharel de Cananeia, um degredado português que se fixou no litoral de São Paulo provavelmente entre 1498 e 1502. Em 1526, essa povoação descrita como sendo ""de dez ou doze casas, uma feita de pedra com seus telhados e uma torre para defesa contra os índios no tempo de necessidade. Estão providos de coisas da terra, de galinhas de Espanha e de porcos, com muita abundância de hortaliças"". Dessa forma, o Bacharel de Cananeia pode ser considerado o verdadeiro fundador de São Vicente.","","Corpus da Disciplina",""
"103","Documento 103","Entre 1530 e 1532, a expedição liderada pelo fidalgo português Martim Afonso de Sousa explorou a costa brasileira. No dia 22 de janeiro de 1532, Martim Afonso e um grupo de colonos portugueses desembarcaram na Ilha de São Vicente e o fidalgo ordenou ali a construção de casas, igreja, pelourinho, fortim, estaleiro e edifícios de órgãos administrativos, assim fundando a vila de São Vicente, sob oposição dos indígenas locais. Em 22 de agosto de 1532, ocorreram as primeiras eleições do continente americano, para escolher os membros da Câmara Municipal de São Vicente, motivo pelo qual a cidade é conhecida como o berço da democracia nas Américas.","","Corpus da Disciplina",""
"104","Documento 104","""Sustentou, por espaço de três anos, contínuas guerras com os bárbaros índios carijós, guaianases e tamoios, que os conquistou apesar da oposição que neles achou, sendo-lhe necessário valer de todo o seu esforço contra a contumácia com que lhe resistiu; porque, na posse da liberdade natural, reputavam em menos as vidas que a sujeição do poder estranho; mas, vencidos em vários encontros, cedeu a rebeldia para que, com maior merecimento e glória, fundasse Martim Afonso a vila de S. Vicente"".","","Corpus da Disciplina",""
"105","Documento 105","Martim Afonso também introduziu a cultura canavieira na região de São Vicente, mas ela durou pouco tempo, devido às condições geográficas desfavoráveis. As primeiras cabeças de gado a chegarem ao Brasil vieram do arquipélago de Cabo Verde, em 1534, para a capitania de São Vicente.","","Corpus da Disciplina",""
"106","Documento 106","No início da colonização portuguesa, o Padre José de Anchieta contribuiu na catequização dos índios e na harmonização do povoado através do colégio vicentino. Ele ministrou suas aulas de catecismo junto à denominada ""Bica da Fonte do Povoado"", que, atualmente, é fonte histórica denominada afetivamente como ""Biquinha"".","","Corpus da Disciplina",""
"107","Documento 107","A Guerra de Iguape ocorreu entre os anos de 1534 e 1536, na região de São Vicente. Em virtude de uma interpretação particular do Tratado de Tordesilhas, alguns espanhóis, liderados por Ruy Garcia de Moschera, instalaram-se nos arredores da província vicentina. Aliados aos índios carijós, fundaram uma vila (a I-Caa-Para) e venceram algumas batalhas contra corsários franceses. Quando as forças de defesa luso-brasileiras enfrentaram o contingente espanhol, foram prontamente derrotadas. Em contrapartida, Garcia de Moschera e seus seguidores embarcaram no navio francês e atacaram a vila de São Vicente, que saquearam e incendiaram, levando inclusive o Livro do Tombo, deixando-a praticamente destruída, matando dois terços dos seus habitantes. No entanto, em virtude das incursões sistemáticas das forças luso-brasileiras (que arregimentaram outros índios rivais, ""de serra acima"", cf. Donato, p. 89), os espanhóis foram forçados a se retirarem: primeiro, para a Ilha de Santa Catarina e, depois, para Buenos Aires.","","Corpus da Disciplina",""
"108","Documento 108","No final do ano de 1541, ocorreu o pior desastre natural em São Vicente, quando uma onda gigante, um possível maremoto, danificou seriamente a vila, destruindo essa povoação, que abrigava um total de 150 habitantes. O porto, que funcionava como fonte da economia, mudou-se para onde está hoje. A Igreja Matriz, a Casa do Conselho, a Cadeia, os estaleiros, o pelourinho e inúmeras casas foram destruídos. A Vila teve que ser reconstruída um pouco mais distante do mar.","","Corpus da Disciplina",""
"109","Documento 109","Em meados do século XVI, a vila de São Vicente entrou em decadência, o que se deve ao fracasso da cultura canavieira na região e a progresso de Santos. Com isso, muitos de seus moradores migraram para o Planalto Paulista, sobretudo para a vila de São Paulo de Piratininga, fundada pelos jesuítas em 1554.","","Corpus da Disciplina",""
"110","Documento 110","Por volta de 1560, São Vicente sofreu um ataque maciço dos tamoios, os quais se aproveitaram da ausência dos homens, que haviam sido chamados para uma missão de socorro no Rio de Janeiro, e queimaram as plantações, quebraram as ferramentas e utensílios agrícolas e destruíram as fazendas.","","Corpus da Disciplina",""
"111","Documento 111","Em dezembro de 1591, a São Vicente foi saqueada pelo pirata inglês Thomas Cavendish, que retornava de um ataque a Santos. Ele e seus homens roubaram e atearam fogo em diversas partes da Vila, causando enormes prejuízos. O pirata fugiu, mas um temporal o impediu de seguir viagem, ele retornou e tentou uma nova investida, porém, desta vez, a população das duas vilas estava preparada e Cavendish foi repelido.","","Corpus da Disciplina",""
"112","Documento 112","Em 1615, outro pirata atacou São Vicente. O holandês Joris van Spielbergen dividiu seus homens e, enquanto um grupo saqueava a Vila para obter alimentos, o restante dos homens invadia a vila vizinha. Os piratas ocuparam o engenho e entraram em luta com os moradores locais. Os invasores foram expulsos e a vida, aos poucos voltou ao normal.","","Corpus da Disciplina",""
"113","Documento 113","Em 1624, devido a disputas entre os descendentes de Martim Afonso, a sede da Capitania de São Vicente foi transferida de São Vicente para Itanhaém. O berço da democracia nas Américas recuperou o título de sede da capitania em 1679, mas o perdeu para a vila de São Paulo dois anos depois.","","Corpus da Disciplina",""
"114","Documento 114","A Lei municipal n° 31, de 31 de dezembro de 1895, concedeu a São Vicente o título de cidade.","","Corpus da Disciplina",""
"115","Documento 115","Segundo a Enciclopédia dos Municípios Brasileiros, ""São Vicente, que através dos séculos resistira a todas as vicissitudes, numa soberana vontade de sobreviver, venceu a sua própria decadência e ingressou no século XX. E aquilo que mais fortemente contribuiu para o seu declínio – a sua inadaptação para porto comercial – foi o que, aliado à suavidade do seu clima, deu impulso à urbe vicentina, transformando-a em uma das joias do nosso litoral"".","","Corpus da Disciplina",""
"116","Documento 116","O Morro do Voturuá é um acidente geográfico explorado para a prática do voo livre, tem seu acesso a partir do Morro José Menino na divisa com Santos e permite a visão dessas cidades, além de Guarujá, Praia Grande e até Cubatão. O local, também conhecido como Morro da Asa Delta, também pode ser acessado por meio de um teleférico, localizado na orla da Praia do Itararé.","","Corpus da Disciplina",""
"117","Documento 117","Uma das características da região é a alta taxa de umidade relativa durante todo o ano, sempre superior a oitenta por cento. Essa taxa tão elevada resulta de intensa evaporação e das constantes inversões de massa de ar de origem polar associado ao relevo escarpado. As temperaturas médias durante o verão são em torno de 24 graus Celsius; no inverno, em torno dos dezessete graus Celsius.","","Corpus da Disciplina",""
"118","Documento 118","O Cristianismo se faz presente na cidade da seguinte forma. A Igreja Católica faz parte da Diocese de Santos. Entre as igrejas protestantes históricas, pentecostais e neopentecostais, encontram-se na cidade: Assembleia de Deus Ministério do Belém, e Congregação Cristã no Brasil. Segundo o censo brasileiro de 2022, a composição religiosa da cidade era de 45,72% católicos, 27,92% evangélicos ou protestantes, 3,42% espíritas, 2,39% umbandistas ou candomblecistas, 0,01% religião tradicional, 6,57% outras religiões, 13,8% irreligiosos, 0,06% desconhecidos e 0,1% não declarados.","","Corpus da Disciplina",""
"119","Documento 119","A cidade de São Vicente tem dez cidades em seis países diferentes que são consideradas suas irmãs. São elas:","","Corpus da Disciplina",""
"120","Documento 120","O sistema de telefones automáticos foi inaugurado na cidade em 1962 pela Cia. Telefônica do Litoral Paulista. Já o sistema de discagem direta à distância (DDD) foi implantado em 1974 pela Telecomunicações de São Paulo (TELESP) com o código de área (0132).","","Corpus da Disciplina",""
"121","Documento 121","Na década de 90 o código DDD da cidade foi alterado para (013), para padronização do sistema telefônico com a telefonia celular que estava sendo implantada em todo o estado.","","Corpus da Disciplina",""
"122","Documento 122","A Universidade Estadual Paulista (Unesp) possui o curso de Graduação em Ciências Biológicas, Pós-Graduação Stricto sensu e Pesquisa consolidada em quatro linhas: 1. Bioquímica, biologia molecular e moléculas biologicamente ativas; 2. Biologia de organismos aquáticos, ripários e costeiros; 3. Biologia populacional, pesqueira e aquicultura sustentável e; 4. Processos ecossistêmicos e gestão de ecossistemas aquáticos.","","Corpus da Disciplina",""
"123","Documento 123","Lista de municípios de São Paulo por data de criação","","Corpus da Disciplina",""
"124","Documento 124","Lista de municípios de São Paulo por população (2022)","","Corpus da Disciplina",""
"125","Documento 125","Lista de municípios de São Paulo por domicílios","","Corpus da Disciplina",""
"126","Documento 126","Lista de municípios de São Paulo por área (2023)","","Corpus da Disciplina",""
"127","Documento 127","Lista de municípios de São Paulo por CEP","","Corpus da Disciplina",""
"128","Documento 128","Lista de municípios de São Paulo por DDD","","Corpus da Disciplina",""
"129","Documento 129","Cubatão é um município do estado brasileiro de São Paulo, na Região Metropolitana da Baixada Santista, microrregião de Santos. O município ocupa 142,879 km² de área e sua população, conforme estimativas do IBGE de 2025, era de 114 870 habitantes.","","Corpus da Disciplina",""
"130","Documento 130","Faz divisa com os municípios de Santo André, ao norte, Santos, ao leste, a Baía de Santos, ao sul, São Vicente, a sudoeste e São Bernardo do Campo, a noroeste e é o único município da Baixada Santista fora do litoral.","","Corpus da Disciplina",""
"131","Documento 131","Com um grande parque industrial, Cubatão enfrentou no passado a ameaça constante da poluição. Na década de 1980, foi considerada pela ONU como a cidade mais poluída do mundo. Contudo, com a união de indústrias, comunidade e governo, a cidade conseguiu controlar 98% do nível de poluentes no ar. Por isso, em 1992 recebeu da ONU o título de ""Cidade-símbolo da Recuperação Ambiental"".","","Corpus da Disciplina",""
"132","Documento 132","A etimologia do nome Cubatão tem sido muito discutida. Uma das etimologias adotadas tem sido do árabe-africano ou afro-árabe Cubata, ""rancho"", com a desinência portuguesa, do aumentativo Ão, formando Cubatão ou ""rancho grande"".","","Corpus da Disciplina",""
"133","Documento 133","A outra do hebraico-africana, é a do hebraico Cuba, ""fortificação, distrito fortificado, torre"", e Taon, ""duplicidade, dualidade, duplo"", formando o vocábulo Cubataon, como aparece em velhos documentos, com o significado de ""torre ou fortificação dupla"" ou ""distrito fortificado duas vezes ou duplo"".","","Corpus da Disciplina",""
"134","Documento 134","É ponto pacífico entre os estudiosos que a região do atual município de Cubatão foi ocupada, há pelo menos 7 000 anos, pelo chamado Homem do Sambaqui: eram grupos seminômades, que tinham sua vida cotidiana ligada ao mangue, onde tiravam sua subsistência, marcada por siris, conchas bivalves, berbigões e peixes, os quais aproveitavam para desenvolver sua manufatura de peças mistas – líticas e orgânicas – caracterizadas por ferramentas de pedra polida do Mesolítico, adornos e outros equipamentos (DUARTE,1968).","","Corpus da Disciplina",""
"135","Documento 135","No século XIX, esses monumentos pré-históricos foram visitados pelo imperador dom Pedro II, exímio naturalista, que com eles se encantou; no século XX, foram alvos de estudos por parte da Universidade de São Paulo e atraíram inclusive a atenção de Paul Rivet, o lendário diretor do Museu do Homem de Paris e ""pai"" da moderna Antropologia americana (RIVET, s/d).","","Corpus da Disciplina",""
"136","Documento 136","Na disputa pela ocupação do espaço do litoral, há aproximadamente mil anos, os índios, oriundos do Planalto Brasileiro, desceram a Serra do Mar e se estabeleceram temporariamente na Baixada, donde retiravam peixe e sal; neste estabelecimento, faziam diversas viagens entre o planalto e o litoral e abriram diversos caminhos na Muralha do Atlântico que, segundo se fala, iam do litoral até a Cordilheira dos Andes. O mais conhecido desses caminhos era o Caminho do Piaçaguera de Cima, que, desse lugar, subia a serra pela secular Trilha dos Goianases, no Vale do Ururaí (atual Mogi) e COSTA E SILVA SOBRINHO. Descendo a Serra do Mar, os índios ocuparam a região e exterminaram (ou absorveram) o grupo do Homem do Sambaqui.","","Corpus da Disciplina",""
"137","Documento 137","Embora haja provas abundantes da ocupação indígena, deles temos poucas informações, exceto aquelas que nos são outorgadas pelos invasores portugueses; sabemos, grosso modo, que foram testemunhas das expedições pré-coloniais e da chegada da expedição colonizadora de Martim Afonso de Sousa.","","Corpus da Disciplina",""
"138","Documento 138","O primeiro documento oficial que cita Cubatão é a Carta de Doação de Sesmaria, passada por Martim Afonso em 10 de fevereiro de 1533, onde ele concede, a Rui Pinto, as terras do Porto de ""Apiaçaba"" e as terras situadas ""na Barra do Cubatão"", entre os rios Ururaí e Perequê (BORGES, 2002). Em 4 de março, Martim Afonso doa outra sesmaria a Francisco Pinto (irmão de Rui Pinto), sesmaria que ia do Rio Perequê ao Rio das Pedras.","","Corpus da Disciplina",""
"139","Documento 139","Em 1556, durante o Governo Geral, foi doada a Antonio Rodrigues de Almeida uma sesmaria cujas terras partem do Rio das Pedras, até o Rio Pilões; essa sesmaria foi adquirida em 1643 pelos padres da Companhia de Jesus, sendo o embrião da Fazenda Geral dos Jesuítas, também chamada de Fazenda Geral do Cubatão. As terras jesuíticas margeavam o Rio Cubatão, o que lhes dava controle sobre a navegação fluvial que ligava a escarpa da Serra do Mar e o Porto de Santos: em realidade, com o tempo, os jesuítas passaram a controlar o comércio (essencial) entre o Planalto e os corredores de exportação e importação – os jesuítas tiveram a brilhante ideia de cobrar pela passagem fluvial, além de alugar botes e canoas que faziam a passagem entre a Ilha de Goiaó e o Cubatão.","","Corpus da Disciplina",""
"140","Documento 140","Em 1803, em decreto de 19 de janeiro, o Governador da Capitania, Antonio José de Franca e Horta, numa política de povoamento e desenvolvimento da Capitania, ordena a edificação do Povoado de Cubatão, na extinta Fazenda dos Jesuítas, entre os rios Rio Capivari e Rio Santana, na margem direita do Rio Cubatão; se alguém mereceria o epíteto de fundador seria Franca e Horta: é dele a iniciativa de formar o povoado. Em edital de 22 de agosto, ele convidou famílias de Iguape para povoarem Cubatão.","","Corpus da Disciplina",""
"141","Documento 141","Mas somente em 17 de janeiro de 1819, em pleno Período Joanino, cinco famílias da Ilha dos Açores vieram para Cubatão: eram os famosos ""cinco Manuéis"" – Manuel Espíndola Bittencourt, Manuel do Conde, Manuel Correia, Manuel Gomes e Manuel Antônio Machado que, segundo consta, não seria Manuel, mas simplesmente Antônio Machado – o erro seria de transcrição do nome e teria permanecido na História de Cubatão. A riqueza de Cubatão, seu solo, foi explorada pelos portugueses na forma de seu produto mais tradicional: a banana.","","Corpus da Disciplina",""
"142","Documento 142","Em 12 de agosto de 1833, a Regência Trina Permanente, instituída após a abdicação de dom Pedro I, sancionou a Lei 24, que separou um terreno da Fazenda de Cubatão para ali fundar uma povoação. Contudo, o povoado não se desenvolveu e o município não chegou a ser constituído. Pela Lei Regencial 167 de 1 de março de 1841, o Povoado de Cubatão é incorporado à cidade de Santos (BORGES, 2002). A emancipação de Cubatão ocorreria 108 anos depois, em 1949, e é este o motivo de estarem inscritas as duas datas no Brasão da cidade (1833 e 1949). A Lei 1 871, de 26 de setembro de 1922, criou o Distrito de Paz de Cubatão, que permaneceu como um bairro de Santos. Com o desenvolvimento da região, foi construída, em 1947, a Via Anchieta, chamada de ""orgulho da engenharia rodoviária nacional"", a mais moderna das rodovias brasileiras na época; com o crescimento, o fortalecimento comercial e industrial, o bairro começou a perder suas características agrícolas e começou a sonhar com o futuro. Organizou-se, em 1948, um grupo de trabalho para lutar pela elevação de Cubatão à categoria de município. O grupo passou à história da cidade como ""Os Emancipadores"", realizando, em 17 de outubro, um plebiscito, que culminou com a vitória pró-desmembramento. A emancipação política e autonomia de Cubatão aconteceria em 9 de abril de 1949.","","Corpus da Disciplina",""
"143","Documento 143","A partir da emancipação, a política da cidade se complicou. Diversas correntes, muitas delas de segregação dos migrantes nordestinos que vêm para Cubatão, se encontram no seio da política municipal. Não raro, há embates físicos entre políticos e correligionários. Armando Cunha foi sucedido pelo médico Luiz de Camargo da Fonseca e Silva em 1953, mas, em 1957, voltou à prefeitura. Diversos grupos políticos se formaram na cidade e as opiniões começam a se tornar motivos de discórdias e rixas. Em 1961, em meio a uma disputa recheada de intrigas, Abel Tenório de Oliveira, de origem nordestina, foi eleito prefeito. Foi uma fase de conflitos, que culminou com a morte do vereador Aristides Lopes dos Santos, o Dinho, e a morte do próprio prefeito Abel Tenório; ambos foram crimes políticos, encobertos pelo advento do Golpe de Estado no Brasil em 1964.","","Corpus da Disciplina",""
"144","Documento 144","Com a morte do prefeito, assumiu seu vice, José Rodrigues Lopes, que terminou seu mandato em 1965, sendo sucedido pelo médico Luís Camargo. Nesta fase, a do endurecimento do Regime Militar iniciado em 1964, o Governo Federal tornou Cubatão Área de Segurança Nacional com a Lei 5 449, em vista de seu interesses estratégicos industrial, elétrico e de fornecimento hídrico. Começou a fase dos interventores.","","Corpus da Disciplina",""
"145","Documento 145","Em 2000, foi eleito o médico mineiro Clermont Silveira Castor, pelo Partido Liberal, hoje Partido da República. Popular na cidade, Castor derrotou o então prefeito Nei Serra, candidato à reeleição, mas recebeu uma prefeitura imersa em dívidas e com graves problemas administrativos, como licenças de funcionários não pagas, um hospital deficitário e um sistema de previdência com sérios problemas de caixa. Num crime político ainda não esclarecido, foi alvejado no início da noite de 1 de julho de 2001, quando voltava do velório de um secretário municipal. Ocorreu um ruidoso rompimento entre o prefeito e seu vice, Alberto de Souza. Em 2004, Clermont foi reeleito, tendo, como vice, o ex-vereador Raimundo Valter Pinheiro.","","Corpus da Disciplina",""
"146","Documento 146","Em 2008, foi eleita a professora Marcia Rosa (PT), tendo, como vice, o ex-vereador Arlindo Fagundes Filho (PSB). Vereadora nas duas últimas legislaturas, Marcia Rosa foi eleita com mais de 40 mil votos, a melhor votação da história de Cubatão, e assumiu a prefeitura em 2009. Marcia foi reeleita na eleição de 2012 tendo como vice, o atual vereador Donizete com mais de 39 mil votos e cumpriria o segundo mandato até 2016. Porém, O TRE-SP (Tribunal Regional Eleitoral) cassou o mandato da então Prefeita Marcia Rosa (PT-SP) e de seu vice Donizete Tavares (PSC) no dia 26 de maio de 2014 por 6 votos a 0, por fazerem propaganda eleitoral antecipada em um Jornal Periódico ""Reação Popular"". O então presidente da câmara de vereadores, Wagner Moura (PT-SP) assumiu a prefeitura tornando-se o novo prefeito da cidade.","","Corpus da Disciplina",""
"147","Documento 147","Em 1982, foi nomeado o advogado José Osvaldo Passarelli como Interventor. Nesta fase, a industrialização começa a cobrar seu alto preço ambiental: Cubatão tem uma degeneração violenta e começa o mito do ""Vale da Morte""; com o incêndio da Vila Socó, em 25 de fevereiro de 1984, a tragédia ganha contornos nacionais e mundiais, pois a explosão dos dutos da Petrobras, sobre os quais se erguia uma favela que foi pulverizada, pôs a nu os problemas advindos de políticas energéticas não planejadas e de erros.","","Corpus da Disciplina",""
"148","Documento 148","Uma tragédia incontável, pois nem a Prefeitura, nem o Governo Estadual nem a Petrobras conseguiram precisar o número de mortos; num dado momento, ocorrem situações anacrônicas: a Escola João Ramalho é usada como necrotério; o estado doa trezentos caixões; a Prefeitura usa as listas de alunos da Escola de Educação Infantil para verificar quem volta às aulas.","","Corpus da Disciplina",""
"149","Documento 149","Na sequência, vem o desastre da Vila Parisi: encravada num polígono entre várias indústrias, nos fundos da Aciaria da Companhia Siderúrgica Paulista, a favela da Vila Parisi é um exemplo mundial de descaso e humilhação com o ser humano. O clamor mundial começa com as doenças intimamente ligadas à miséria, a pobreza, a falta de saneamento básico, a poluição. Ocorrem as primeiras mortes neonatais por anencefalia, casos até hoje mal explicados. A tragédia da Vila Parisi força a Prefeitura a tomar uma atitude, e Passarelli transfere a população para um bairro planejado e construído às margens da interligação Anchieta-Imigrantes, o Bolsão 8 que, em sintonia com a eleição de Tancredo Neves, é batizado Jardim Nova República.","","Corpus da Disciplina",""
"150","Documento 150","Mas as ações de Passarelli acabam desagradando o Governador Franco Montoro (Passarelli fora nomeado por Paulo Maluf), que o exonera e nomeia, em 6 de fevereiro de 1985, outro interventor: Nei Eduardo Serra, advogado ligado à administração da Companhia Siderúrgica Paulista, que assume o governo em meio ao retorno à autonomia municipal, que ocorre através da Emenda Constitucional n. 25, de autoria do Deputado Gastone Righi. Em 15 de novembro, na primeira eleição para Prefeito desde 1964, é eleito o antigo Interventor José Osvaldo Passarelli. Em 1990, na corrente da nova Constituição de 1988, é aprovada a Lei Orgânica do Município, elaborada pela Câmara Municipal, em vista das particularidades da cidade.","","Corpus da Disciplina",""
"151","Documento 151","Desde 1985, a Prefeitura e o Governo do Estado de São Paulo vêm trabalhando num projeto de preservação ambiental, juntamente com a Organização das Nações Unidas. Cubatão se torna, na década de 1990, ""exemplo mundial de recuperação ambiental"", com a volta de um símbolo de sua fauna, o guará-vermelho. Em 1993, o Ministério Público ordena o fechamento da fábrica da Rhodia (do grupo francês Rhone-Poulenc), em vista dos ""lixões"" tóxicos escavados em Cubatão, São Vicente e Itanhaém.","","Corpus da Disciplina",""
"152","Documento 152","A prefeitura da cidade estima que 60% da população é descendente de nordestinos, que migraram para a cidade desde 1940.","","Corpus da Disciplina",""
"153","Documento 153","Densidade demográfica (hab./km²): 761,13","","Corpus da Disciplina",""
"154","Documento 154","Mortalidade infantil até 1 ano (por mil): 21,82","","Corpus da Disciplina",""
"155","Documento 155","Expectativa de vida (anos): 68,32","","Corpus da Disciplina",""
"156","Documento 156","Taxa de fecundidade (filhos por mulher): 2,30","","Corpus da Disciplina",""
"157","Documento 157","Índice de Desenvolvimento Humano (IDH-M): 0,772","","Corpus da Disciplina",""
"158","Documento 158","O sistema de telefones automáticos foi inaugurado na cidade em 1962 pela Companhia Telefônica da Borda do Campo (CTBC). Já o sistema de discagem direta à distância (DDD) foi implantado em 1974 pela Telecomunicações de São Paulo (TELESP) com o código de área (0132).","","Corpus da Disciplina",""
"159","Documento 159","Na década de 90 o código DDD da cidade foi alterado para (013), para padronização do sistema telefônico com a telefonia celular que estava sendo implantada em todo o estado.","","Corpus da Disciplina",""
"160","Documento 160","Para festejar o ""Centenário de Independência do Brasil"", o Presidente do estado Washington Luís entregava ao povo a jornada do ""Caminho do mar"". Tais monumentos revelam parte significativa da formação paulista. Desde a velha Calçada do Lorena, até a evocação dos fundadores de São Paulo inscrita no Cruzeiro Quinhentista, vê-se a marca da recuperação da história bandeirante nas escarpas da Serra. O desenvolvimento de Cubatão sempre esteve estreitamente ligado aos caminhos de acesso ao Planalto, já que era elo de ligação entre este e o Porto. Os monumentos que estão aos arredores de Cubatão são:","","Corpus da Disciplina",""
"161","Documento 161","Cruzeiro Quinhentista: Cruzeiro Quinhentista que foi construído na ligação entre o Caminho do mar com o Caminho do “Padre José” (caminho inexistente hoje), o Cruzeiro apresenta no seu centro as datas de 1500 e 1922 e os nome de seus colonizadores jesuítas, sendo eles: Tibiriçá, Padre José de Anchieta, Mem de Sá, Nóbrega, Leonardo Nunes, Martim Afonso de Sousa e João Ramalho.","","Corpus da Disciplina",""
"162","Documento 162","Rancho da Maioridade: Relembra a construção da Estrada da Maioridade e a visita da família real à São Paulo em 1846.Está situado em uma acentuada curva do Caminho do Mar, donde se avista toda a área do Cubatão.","","Corpus da Disciplina",""
"163","Documento 163","Calçada do Lorena: Estrada de ligação mais importante entre o Planalto de Piratininga e o porto de Santos no final do século XVIII(18). Construída em 1792, período em que Bernardo José Maria de Lorena governava o estado de São Paulo.O material empregado no calçamento foi a pedra.","","Corpus da Disciplina",""
"164","Documento 164","A escola Ary de Oliveira Garcia: Situada no bairro Vila Nova, possui uma história muito interessante, pois em seu passado já foi um conservatório de música e dança e até mesmo um fórum. O fórum foi utilizado até o ano de 1963, porém até hoje, faz parte da arquitetura foi preservada. Na atual sala número 10, estava localizada a sala dos investigadores que também era utilizada como sala de tortura, ela possui dois pequenos corredores e duas portas, e a sala 13 que é a sala mais ampla da escola era a sala do juiz. No ano de 1964 neste mesmo local foi inaugurado um conservatório de música e dança, porém no ano de 1981 mudou sua sede para outra rua no mesmo bairro. Enfim no dia 11 de março de 1982 foi inaugurada a Escola Vila Nova, que quatro anos depois mudou o nome para Ary de Oliveira Garcia em homenagem a um antigo professor que após ter um infarto em uma das salas de aula faleceu, porém muitos funcionários da escola afirmam ver até hoje o professor caminhando pelos corredores.","","Corpus da Disciplina",""
"165","Documento 165","Lista de municípios do Brasil acima de cem mil habitantes","","Corpus da Disciplina",""
"166","Documento 166","Ferreira, Lúcia da Costa (2006). «OS FANTASMAS DO VALE: conflitos em torno do desastre ambiental de Cubatão, SP». REVISTA DE CIÊNCIAS SOCIAIS - POLÍTICA & TRABALHO. 25 (0): 165–188. ISSN 1517-5901","","Corpus da Disciplina",""
